"DistanceKm","SciencePotential","SafetyPotential","SciencePoints","SafetyPoints","TotalPoints"
"0","0","0","0","0","0"
"0.01","0","0","0","0","0"
"0.02","0","0","0","0","0"
"0.03","0","0","0","0","0"
"0.04","0","0","0","0","0"
"0.05","0","0","0","0","0"
"0.06","0","0","0","0","0"
"0.07","0","0","0","0","0"
"0.08","0","0","0","0","0"
"0.09","0","0","0","0","0"
"0.1","0","0","0","0","0"
"0.11","0","0","0","0","0"
"0.12","0","0","0","0","0"
"0.13","0","0","0","0","0"
"0.14","0","0","0","0","0"
"0.15","0","0","0","0","0"
"0.16","0","0","0","0","0"
"0.17","0","0","0","0","0"
"0.18","0","0","0","0","0"
"0.19","0","0","0","0","0"
"0.2","0","0","0","0","0"
"0.21","0","0","0","0","0"
"0.22","0","0","0","0","0"
"0.23","0","0","0","0","0"
"0.24","0","0","0","0","0"
"0.25","0","0","0","0","0"
"0.26","0","0","0","0","0"
"0.27","0","0","0","0","0"
"0.28","0","0","0","0","0"
"0.29","0","0","0","0","0"
"0.3","0","0","0","0","0"
"0.31","0","0","0","0","0"
"0.32","0","0","0","0","0"
"0.33","0","0","0","0","0"
"0.34","0","0","0","0","0"
"0.35","0","0","0","0","0"
"0.36","0","0","0","0","0"
"0.37","0","0","0","0","0"
"0.38","0","0","0","0","0"
"0.39","0","0","0","0","0"
"0.4","0","0","0","0","0"
"0.41","0","0","0","0","0"
"0.42","0.973446901082556","0","48.6723450541278","0","48.6723450541278"
"0.43","0.974342884320645","0","48.7171442160322","0","48.7171442160322"
"0.44","0.975224088532363","0","48.7612044266182","0","48.7612044266182"
"0.45","0.97609047214037","0","48.8045236070185","0","48.8045236070185"
"0.46","0.976941994241756","0","48.8470997120878","0","48.8470997120878"
"0.47","0.97777861461126","0","48.888930730563","0","48.888930730563"
"0.48","0.978600293704438","0","48.9300146852219","0","48.9300146852219"
"0.49","0.979406992660776","0","48.9703496330388","0","48.9703496330388"
"0.5","0.980198673306755","0","49.0099336653378","0","49.0099336653378"
"0.51","0.98097529815886","0","49.048764907943","0","49.048764907943"
"0.52","0.981736830426536","0","49.0868415213268","0","49.0868415213268"
"0.53","0.982483234015097","0","49.1241617007549","0","49.1241617007549"
"0.54","0.983214473528573","0","49.1607236764286","0","49.1607236764286"
"0.55","0.983930514272508","0","49.1965257136254","0","49.1965257136254"
"0.56","0.984631322256707","0","49.2315661128353","0","49.2315661128353"
"0.57","0.985316864197919","0","49.265843209896","0","49.265843209896"
"0.58","0.985987107522477","0","49.2993553761239","0","49.2993553761239"
"0.59","0.986642020368875","0","49.3321010184437","0","49.3321010184437"
"0.6","0.987281571590291","0","49.3640785795145","0","49.3640785795145"
"0.61","0.987905730757057","0","49.3952865378528","0","49.3952865378528"
"0.62","0.988514468159074","0","49.4257234079537","0","49.4257234079537"
"0.63","0.989107754808166","0","49.4553877404083","0","49.4553877404083"
"0.64","0.98968556244038","0","49.484278122019","0","49.484278122019"
"0.65","0.990247863518235","0","49.5123931759117","0","49.5123931759117"
"0.66","0.990794631232902","0","49.5397315616451","0","49.5397315616451"
"0.67","0.991325839506343","0","49.5662919753171","0","49.5662919753171"
"0.68","0.991841462993374","0","49.5920731496687","0","49.5920731496687"
"0.69","0.992341477083689","0","49.6170738541845","0","49.6170738541845"
"0.7","0.992825857903813","0","49.6412928951907","0","49.6412928951907"
"0.71","0.993294582319004","0","49.6647291159502","0","49.6647291159502"
"0.72","0.993747627935091","0","49.6873813967546","0","49.6873813967546"
"0.73","0.994184973100263","0","49.7092486550132","0","49.7092486550132"
"0.74","0.994606596906788","0","49.7303298453394","0","49.7303298453394"
"0.75","0.995012479192682","0","49.7506239596341","0","49.7506239596341"
"0.76","0.995402600543315","5.90836762688616E-05","49.7701300271657","0.00295418381344308","49.7730842109792"
"0.77","0.995776942292958","0.000235632373113855","49.7888471146479","0.0117816186556928","49.8006287333036"
"0.78","0.996135486526273","0.000528592592592594","49.8067743263137","0.0264296296296297","49.8332039559433"
"0.79","0.996478216079742","0.00093691083676269","49.8239108039871","0.0468455418381345","49.8707563458252"
"0.8","0.996805114543033","0.00145953360768176","49.8402557271516","0.0729766803840879","49.9132324075357"
"0.81","0.997116166260315","0.00209540740740741","49.8558083130157","0.104770370370371","49.9605786833861"
"0.82","0.997411356331503","0.00284347873799726","49.8705678165752","0.142173936899863","50.012741753475"
"0.83","0.997690670613451","0.00370269410150892","49.8845335306725","0.185134705075446","50.069668235748"
"0.84","0.997954095721077","0.004672","49.8977047860539","0.2336","50.1313047860538"
"0.85","0.998201619028437","0.00575034293552812","49.9100809514219","0.287517146776406","50.1975980981983"
"0.86","0.998433228669731","0.00693666941015089","49.9216614334866","0.346833470507544","50.2684949039941"
"0.87","0.998648913540251","0.00822992592592593","49.9324456770126","0.411496296296296","50.3439419733089"
"0.88","0.998848663297269","0.00962905898491084","49.9424331648635","0.481452949245542","50.423886114109"
"0.89","0.999032468360863","0.0111330150891632","49.9516234180432","0.556650754458162","50.5082741725013"
"0.9","0.999200319914684","0.0127407407407407","49.9600159957342","0.637037037037037","50.5970530327712"
"0.91","0.999352209906658","0.014451182441701","49.9676104953329","0.722559122085048","50.6901696174179"
"0.92","0.999488131049633","0.0162632866941015","49.9744065524817","0.813164334705076","50.7875708871867"
"0.93","0.999608076821962","0.018176","49.9804038410981","0.9088","50.8892038410981"
"0.94","0.999712041468019","0.0201882688614541","49.9856020734009","1.0094134430727","50.9950155164737"
"0.95","0.999800019998667","0.0222990397805213","49.9900009999333","1.11495198902606","51.1049529889594"
"0.96","0.99987200819165","0.0245072592592593","49.9936004095825","1.22536296296296","51.2189633725455"
"0.97","0.999928002591938","0.0268118737997257","49.9964001295969","1.34059368998628","51.3369938195832"
"0.98","0.999968000511995","0.029211829903978","49.9984000255997","1.4605914951989","51.4589915207986"
"0.99","0.999992000032","0.0317060740740741","49.9996000016","1.5853037037037","51.5849037053037"
"1","1","0.0342935528120713","50","1.71467764060357","51.7146776406036"
"1.01","0.999992000032","0.0369732126200274","49.9996000016","1.84866063100137","51.8482606326014"
"1.02","0.999968000511995","0.039744","49.9984000255997","1.9872","51.9856000255997"
"1.03","0.999928002591938","0.0426048614540466","49.9964001295969","2.13024307270233","52.1266432022992"
"1.04","0.99987200819165","0.045554743484225","49.9936004095825","2.27773717421125","52.2713375837938"
"1.05","0.999800019998667","0.0485925925925926","49.9900009999333","2.42962962962963","52.419630629563"
"1.06","0.999712041468019","0.0517173552812072","49.9856020734009","2.58586776406036","52.5714698374613"
"1.07","0.999608076821962","0.0549279780521262","49.9804038410981","2.74639890260631","52.7268027437044"
"1.08","0.999488131049633","0.0582234074074074","49.9744065524817","2.91117037037037","52.885576922852"
"1.09","0.999352209906658","0.0616025898491084","49.9676104953329","3.08012949245542","53.0477399877883"
"1.1","0.999200319914684","0.0650644718792867","49.9600159957342","3.25322359396434","53.2132395896985"
"1.11","0.999032468360863","0.068608","49.9516234180432","3.4304","53.3820234180432"
"1.12","0.998848663297269","0.072232120713306","49.9424331648635","3.6116060356653","53.5540392005288"
"1.13","0.998648913540251","0.0759357805212621","49.9324456770126","3.7967890260631","53.7292347030757"
"1.14","0.998433228669731","0.079717925925926","49.9216614334866","3.9858962962963","53.9075577297829"
"1.15","0.998201619028437","0.0835775034293553","49.9100809514219","4.17887517146777","54.0889561228896"
"1.16","0.997954095721077","0.0875134595336076","49.8977047860539","4.37567297668038","54.2733777627342"
"1.17","0.997690670613451","0.0915247407407407","49.8845335306725","4.57623703703704","54.4607705677096"
"1.18","0.997411356331503","0.0956102935528121","49.8705678165752","4.7805146776406","54.6510824942158"
"1.19","0.997116166260315","0.0997690644718793","49.8558083130157","4.98845322359396","54.8442615366097"
"1.2","0.996805114543033","0.104","49.8402557271516","5.2","55.0402557271516"
"1.21","0.996478216079742","0.108302046639232","49.8239108039871","5.41510233196159","55.2390131359487"
"1.22","0.996135486526273","0.112674150891632","49.8067743263137","5.63370754458162","55.4404818708953"
"1.23","0.995776942292958","0.117115259259259","49.7888471146479","5.85576296296296","55.6446100776109"
"1.24","0.995402600543315","0.12162431824417","49.7701300271657","6.0812159122085","55.8513459393743"
"1.25","0.995012479192682","0.126200274348422","49.7506239596341","6.31001371742112","56.0606376770552"
"1.26","0.994606596906788","0.130842074074074","49.7303298453394","6.54210370370371","56.2724335490431"
"1.27","0.994184973100263","0.135548663923182","49.7092486550132","6.77743319615912","56.4866818511723"
"1.28","0.993747627935091","0.140318990397805","49.6873813967546","7.01594951989026","56.7033309166448"
"1.29","0.993294582319004","0.145152","49.6647291159502","7.2576","56.9223291159502"
"1.3","0.992825857903813","0.150046639231824","49.6412928951907","7.50233196159122","57.1436248567819"
"1.31","0.992341477083689","0.155001854595336","49.6170738541845","7.75009272976681","57.3671665839513"
"1.32","0.991841462993374","0.160016592592593","49.5920731496687","8.00082962962963","57.5929027792983"
"1.33","0.991325839506343","0.165089799725652","49.5662919753171","8.25448998628258","57.8207819615997"
"1.34","0.990794631232902","0.170220422496571","49.5397315616451","8.51102112482853","58.0507526864737"
"1.35","0.990247863518235","0.175407407407407","49.5123931759117","8.77037037037037","58.2827635462821"
"1.36","0.98968556244038","0.18064970096022","49.484278122019","9.03248504801098","58.51676317003"
"1.37","0.989107754808166","0.185946249657065","49.4553877404083","9.29731248285323","58.7527002232615"
"1.38","0.988514468159074","0.191296","49.4257234079537","9.5648","58.9905234079537"
"1.39","0.987905730757057","0.196697898491084","49.3952865378528","9.83489492455419","59.230181462407"
"1.4","0.987281571590291","0.202150891632373","49.3640785795145","10.1075445816187","59.4716231611332"
"1.41","0.986642020368875","0.207653925925926","49.3321010184437","10.3826962962963","59.71479731474"
"1.42","0.985987107522477","0.2132059478738","49.2993553761239","10.66029739369","59.9596527698139"
"1.43","0.985316864197919","0.218805903978052","49.265843209896","10.9402951989026","60.2061384087986"
"1.44","0.984631322256707","0.224452740740741","49.2315661128353","11.222637037037","60.4542031498724"
"1.45","0.983930514272508","0.230145404663923","49.1965257136254","11.5072702331962","60.7037959468216"
"1.46","0.983214473528573","0.235882842249657","49.1607236764286","11.7941421124829","60.9548657889115"
"1.47","0.982483234015097","0.241664","49.1241617007549","12.0832","61.2073617007549"
"1.48","0.981736830426536","0.24748782441701","49.0868415213268","12.3743912208505","61.4612327421773"
"1.49","0.98097529815886","0.253353262002743","49.048764907943","12.6676631001372","61.7164280080802"
"1.5","0.980198673306755","0.259259259259259","49.0099336653378","12.962962962963","61.9728966283007"
"1.51","0.979406992660776","0.265204762688615","48.9703496330388","13.2602381344307","62.2305877674695"
"1.52","0.978600293704438","0.271188718792867","48.9300146852219","13.5594359396433","62.4894506248652"
"1.53","0.97777861461126","0.277210074074074","48.888930730563","13.8605037037037","62.7494344342667"
"1.54","0.976941994241756","0.283267775034294","48.8470997120878","14.1633887517147","63.0104884638025"
"1.55","0.97609047214037","0.289360768175583","48.8045236070185","14.4680384087791","63.2725620157977"
"1.56","0.975224088532363","0.295488","48.7612044266182","14.7744","63.5356044266182"
"1.57","0.974342884320645","0.301648417009602","48.7171442160322","15.0824208504801","63.7995650665124"
"1.58","0.973446901082556","0.307840965706447","48.6723450541278","15.3920482853224","64.0643933394502"
"1.59","0.9725361810666","0.314064592592593","48.62680905333","15.7032296296296","64.3300386829596"
"1.6","0.971610767189123","0.320318244170096","48.5805383594561","16.0159122085048","64.5964505679609"
"1.61","0.970670703030941","0.326600866941015","48.5335351515471","16.3300433470508","64.8635784985978"
"1.62","0.969716032833926","0.332911407407407","48.4858016416963","16.6455703703704","65.1313720120667"
"1.63","0.96874680149753","0.339248812071331","48.4373400748765","16.9624406035665","65.399780678443"
"1.64","0.967763054575268","0.345612027434842","48.3881527287634","17.2806013717421","65.6687541005055"
"1.65","0.966764838271153","0.352","48.3382419135577","17.6","65.9382419135577"
"1.66","0.965752199436077","0.358411676268861","48.2876099718038","17.9205838134431","66.2081937852469"
"1.67","0.964725185564146","0.364846002743484","48.2362592782073","18.2423001371742","66.4785594153815"
"1.68","0.963683844788974","0.371301925925926","48.1841922394487","18.5650962962963","66.749288535745"
"1.69","0.962628225879916","0.377778392318244","48.1314112939958","18.8889196159122","67.020330909908"
"1.7","0.961558378238269","0.384274348422497","48.0779189119135","19.2137174211248","67.2916363330383"
"1.71","0.960474351893417","0.390788740740741","48.0237175946708","19.539437037037","67.5631546317079"
"1.72","0.95937619749893","0.397320515775034","47.9688098749465","19.8660257887517","67.8348356636982"
"1.73","0.958263966328629","0.403868620027435","47.9131983164314","20.1934310013717","68.1066293178032"
"1.74","0.957137710272586","0.410432","47.8568855136293","20.5216","68.3784855136293"
"1.75","0.9559974818331","0.417009602194787","47.799874091655","20.8504801097394","68.6503542013944"
"1.76","0.954843334120614","0.423600373113855","47.7421667060307","21.1800186556927","68.9221853617235"
"1.77","0.953675320849597","0.430203259259259","47.6837660424798","21.510162962963","69.1939290054428"
"1.78","0.952493496334374","0.436817207133059","47.6246748167187","21.8408603566529","69.4655351733716"
"1.79","0.951297915484924","0.443441163237311","47.5648957742462","22.1720581618656","69.7369539361118"
"1.8","0.950088633802627","0.450074074074074","47.5044316901313","22.5037037037037","70.008135393835"
"1.81","0.948865707375972","0.456714886145405","47.4432853687986","22.8357443072702","70.2790296760688"
"1.82","0.947629192876223","0.463362545953361","47.3814596438112","23.168127297668","70.5495869414792"
"1.83","0.946379147553046","0.470016","47.3189573776523","23.5008","70.8197573776523"
"1.84","0.945115629230093","0.47667419478738","47.2557814615046","23.833709739369","71.0894912008736"
"1.85","0.943838696300543","0.483336076817558","47.1919348150272","24.1668038408779","71.3587386559051"
"1.86","0.942548407722614","0.490000592592593","47.1274203861307","24.5000296296296","71.6274500157603"
"1.87","0.941244823015024","0.49666668861454","47.0622411507512","24.833334430727","71.8955755814782"
"1.88","0.939928002252417","0.50333331138546","46.9964001126209","25.166665569273","72.1630656818938"
"1.89","0.938598006060758","0.509999407407407","46.9299003030379","25.4999703703704","72.4298706734083"
"1.9","0.937254895612678","0.516663923182442","46.8627447806339","25.8331961591221","72.695940939756"
"1.91","0.935898732622791","0.52332580521262","46.7949366311396","26.166290260631","72.9612268917706"
"1.92","0.934529579342974","0.529984","46.7264789671487","26.4992","73.2256789671487"
"1.93","0.933147498557603","0.536637454046639","46.6573749278802","26.831872702332","73.4892476302121"
"1.94","0.931752553578764","0.543285113854595","46.5876276789382","27.1642556927298","73.751883371668"
"1.95","0.930344808241421","0.549925925925926","46.517240412071","27.4962962962963","74.0135367083673"
"1.96","0.92892432689855","0.556558836762689","46.4462163449275","27.8279418381344","74.2741581830619"
"1.97","0.927491174416247","0.563182792866941","46.3745587208124","28.159139643347","74.5336983641594"
"1.98","0.926045416168791","0.569796740740741","46.3022708084395","28.489837037037","74.7921078454766"
"1.99","0.92458711803368","0.576399626886145","46.229355901684","28.8199813443073","75.0493372459913"
"2","0.923116346386636","0.582990397805213","46.1558173193318","29.1495198902606","75.3053372095924"
"2.01","0.921633168096575","0.589568","46.0816584048287","29.4784","75.5600584048287"
"2.02","0.920137650520544","0.596131379972565","46.0068825260272","29.8065689986283","75.8134515246555"
"2.03","0.918629861498634","0.602679484224966","45.9314930749317","30.1339742112483","76.06546728618"
"2.04","0.917109869348853","0.609211259259259","45.8554934674427","30.460562962963","76.3160564304056"
"2.05","0.915577742861978","0.615725651577503","45.7788871430989","30.7862825788752","76.565169721974"
"2.06","0.914033551296369","0.622221607681756","45.7016775648184","31.1110803840878","76.8127579489062"
"2.07","0.912477364372766","0.628698074074074","45.6238682186383","31.4349037037037","77.058771922342"
"2.08","0.910909252269046","0.635153997256516","45.5454626134523","31.7576998628258","77.3031624762781"
"2.09","0.909329285614958","0.641588323731138","45.4664642807479","32.0794161865569","77.5458804673048"
"2.1","0.90773753548683","0.648","45.3868767743415","32.4","77.7868767743415"
"2.11","0.90613407340225","0.654387972565158","45.3067036701125","32.7193986282579","78.0261022983704"
"2.12","0.904518971314722","0.660751187928669","45.2259485657361","33.0375593964335","78.2635079621696"
"2.13","0.902892301608292","0.667088592592593","45.1446150804146","33.3544296296296","78.4990447100442"
"2.14","0.901254137092155","0.673399133058985","45.0627068546077","33.6699566529493","78.732663507557"
"2.15","0.899604550995232","0.679681755829904","44.9802275497616","33.9840877914952","78.9643153412568"
"2.16","0.897943616960729","0.685935407407407","44.8971808480364","34.2967703703704","79.1939512184068"
"2.17","0.896271409040669","0.692159034293553","44.8135704520334","34.6079517146776","79.4215221667111"
"2.18","0.894588001690401","0.698351582990398","44.7294000845201","34.9175791495199","79.6469792340399"
"2.19","0.892893469763091","0.704512","44.6446734881545","35.2256","79.8702734881545"
"2.2","0.891187888504184","0.710639231824417","44.5593944252092","35.5319615912209","80.0913560164301"
"2.21","0.889471333545857","0.716732224965706","44.4735666772929","35.8366112482853","80.3101779255782"
"2.22","0.887743880901438","0.722789925925926","44.3871940450719","36.1394962962963","80.5266903413682"
"2.23","0.886005606959813","0.728811281207133","44.3002803479907","36.4405640603566","80.7408444083473"
"2.24","0.884256588479817","0.734795237311386","44.2128294239908","36.7397618655693","80.9525912895601"
"2.25","0.882496902584595","0.740740740740741","44.1248451292298","37.037037037037","81.1618821662668"
"2.26","0.88072662675596","0.746646737997257","44.036331337798","37.3323368998628","81.3686682376608"
"2.27","0.878945838828716","0.75251217558299","43.9472919414358","37.6256087791495","81.5729007205853"
"2.28","0.877154616984981","0.758336","43.8577308492491","37.9168","81.7745308492491"
"2.29","0.875353039748485","0.764117157750343","43.7676519874243","38.2058578875171","81.9735098749414"
"2.3","0.87354118597885","0.769854595336077","43.6770592989425","38.4927297668038","82.1697890657463"
"2.31","0.871719134865861","0.775547259259259","43.5859567432931","38.777362962963","82.363319706256"
"2.32","0.86988696592372","0.781194096021948","43.494348296186","39.0597048010974","82.5540530972834"
"2.33","0.868044758985284","0.7867940521262","43.4022379492642","39.33970260631","82.7419405555742"
"2.34","0.866192594196294","0.792346074074074","43.3096297098147","39.6173037037037","82.9269334135184"
"2.35","0.864330552009586","0.797849108367627","43.2165276004793","39.8924554183813","83.1089830188607"
"2.36","0.862458713179293","0.803302101508916","43.1229356589646","40.1651050754458","83.2880407344105"
"2.37","0.860577158755036","0.808704","43.0288579377518","40.4352","83.4640579377518"
"2.38","0.858685970076101","0.814053750342935","42.9342985038051","40.7026875171468","83.6369860209518"
"2.39","0.856785228765608","0.819350299039781","42.8392614382804","40.967514951989","83.8067763902694"
"2.4","0.854875016724669","0.824592592592593","42.7437508362335","41.2296296296296","83.9733804658631"
"2.41","0.852955416126537","0.829779577503429","42.6477708063269","41.4889788751715","84.1367496814983"
"2.42","0.851026509410745","0.834910200274348","42.5513254705372","41.7455100137174","84.2968354842547"
"2.43","0.849088379277238","0.839983407407408","42.4544189638619","41.9991703703704","84.4535893342323"
"2.44","0.847141108680501","0.844998145404664","42.3570554340251","42.2499072702332","84.6069627042583"
"2.45","0.845184780823671","0.849953360768176","42.2592390411836","42.4976680384088","84.7569070795924"
"2.46","0.843219479152652","0.854848","42.1609739576326","42.7424","84.9033739576326"
"2.47","0.841245287350217","0.859681009602195","42.0622643675108","42.9840504801097","85.0463148476206"
"2.48","0.839262289330109","0.864451336076817","41.9631144665055","43.2225668038409","85.1856812703463"
"2.49","0.837270569231139","0.869157925925926","41.863528461557","43.4578962962963","85.3214247578533"
"2.5","0.835270211411272","0.873799725651577","41.7635105705636","43.6899862825789","85.4534968531425"
"2.51","0.833261300441717","0.87837568175583","41.6630650220859","43.9187840877915","85.5818491098774"
"2.52","0.831243921101013","0.882884740740741","41.5621960550507","44.144237037037","85.7064330920877"
"2.53","0.829218158369108","0.887325849108368","41.4609079184554","44.3662924554184","85.8272003738738"
"2.54","0.827184097421441","0.891697953360768","41.359204871072","44.5848976680384","85.9441025391105"
"2.55","0.825141823623021","0.896","41.2570911811511","44.8","86.0570911811511"
"2.56","0.823091422522506","0.900230935528121","41.1545711261253","45.011546776406","86.1661179025313"
"2.57","0.821032979846279","0.904389706447188","41.051648992314","45.2194853223594","86.2711343146733"
"2.58","0.81896658149253","0.908475259259259","40.9483290746265","45.423762962963","86.3720920375895"
"2.59","0.816892313525333","0.912486540466392","40.8446156762667","45.6243270233196","86.4689426995863"
"2.6","0.814810262168729","0.916422496570645","40.7405131084365","45.8211248285322","86.5616379369687"
"2.61","0.81272051380081","0.920282074074074","40.6360256900405","46.0141037037037","86.6501293937442"
"2.62","0.810623154947802","0.924064219478738","40.5311577473901","46.2032109739369","86.734368721327"
"2.63","0.808518272278158","0.927767879286694","40.4259136139079","46.3883939643347","86.8143075782426"
"2.64","0.806405952596652","0.931392","40.3202976298326","46.5696","86.8898976298326"
"2.65","0.804286282838474","0.934935528120713","40.2143141419237","46.7467764060357","86.9610905479594"
"2.66","0.802159350063333","0.938397410150892","40.1079675031666","46.9198705075446","87.0278380107112"
"2.67","0.800025241449566","0.941776592592593","40.0012620724783","47.0888296296296","87.0900917021079"
"2.68","0.797884044288255","0.945072021947874","39.8942022144128","47.2536010973937","87.1478033118065"
"2.69","0.795735845977344","0.948282644718793","39.7867922988672","47.4141322359396","87.2009245348068"
"2.7","0.793580734015767","0.951407407407407","39.6790367007883","47.5703703703704","87.2494070711587"
"2.71","0.791418795997587","0.954445256515775","39.5709397998794","47.7222628257888","87.2932026256681"
"2.72","0.789250119606139","0.957395138545953","39.462505980307","47.8697569272977","87.3322629076046"
"2.73","0.787074792608181","0.960256","39.3537396304091","48.0128","87.3665396304091"
"2.74","0.784892902848056","0.963026787379973","39.2446451424028","48.1513393689986","87.3959845114015"
"2.75","0.782704538241868","0.965706447187929","39.1352269120934","48.2853223593964","87.4205492714898"
"2.76","0.780509786771659","0.968293925925926","39.0254893385829","48.4146962962963","87.4401856348792"
"2.77","0.778308736479605","0.970788170096022","38.9154368239802","48.5394085048011","87.4548453287813"
"2.78","0.776101475462221","0.973188126200275","38.805073773111","48.6594063100137","87.4644800831248"
"2.79","0.773888091864577","0.975492740740741","38.6944045932288","48.774637037037","87.4690416302659"
"2.8","0.771668673874526","0.977700960219479","38.5834336937263","48.8850480109739","87.4684817047003"
"2.81","0.769443309716949","0.979811731138546","38.4721654858474","48.9905865569273","87.4627520427747"
"2.82","0.767212087648006","0.981824","38.3606043824003","49.0912","87.4518043824003"
"2.83","0.764975095949411","0.983736713305899","38.2487547974705","49.1868356652949","87.4355904627655"
"2.84","0.762732422922711","0.985548817558299","38.1366211461356","49.277440877915","87.4140620240505"
"2.85","0.76048415688359","0.987259259259259","38.0242078441795","49.362962962963","87.3871708071424"
"2.86","0.758230386156178","0.988866984910837","37.9115193078089","49.4433492455418","87.3548685533508"
"2.87","0.75597119906739","0.990370941015089","37.7985599533695","49.5185470507545","87.3171070041239"
"2.88","0.753706683941263","0.991770074074074","37.6853341970631","49.5885037037037","87.2738379007668"
"2.89","0.751436929093329","0.993063330589849","37.5718464546664","49.6531665294925","87.2250129841589"
"2.9","0.749162022824993","0.994249657064472","37.4581011412496","49.7124828532236","87.1705839944732"
"2.91","0.746882053417932","0.995328","37.3441026708966","49.7664","87.1105026708966"
"2.92","0.744597109128517","0.996297305898491","37.2298554564259","49.8148652949246","87.0447207513504"
"2.93","0.742307278182246","0.997156521262003","37.1153639091123","49.8578260631001","86.9731899722124"
"2.94","0.740012648768203","0.997904592592593","37.0006324384102","49.8952296296296","86.8958620680398"
"2.95","0.737713309033535","0.998540466392318","36.8856654516767","49.9270233196159","86.8126887712926"
"2.96","0.735409347077947","0.999063089163237","36.7704673538973","49.9531544581619","86.7236218120592"
"2.97","0.733100850948222","0.999471407407407","36.6550425474111","49.9735703703704","86.6286129177815"
"2.98","0.73078790863276","0.999764367626886","36.539395431638","49.9882183813443","86.5276138129823"
"2.99","0.728470608056138","0.999940916323731","36.4235304028069","49.9970458161866","86.4205762189934"
"3","0.726149037073691","1","36.3074518536845","50","86.3074518536845"
"3.01","0.723823283466123","1","36.1911641733062","50","86.1911641733062"
"3.02","0.721493434934133","1","36.0746717467067","50","86.0746717467067"
"3.03","0.719159579093066","1","35.9579789546533","50","85.9579789546533"
"3.04","0.716821803467591","1","35.8410901733796","50","85.8410901733796"
"3.05","0.714480195486403","1","35.7240097743202","50","85.7240097743202"
"3.06","0.712134842476948","1","35.6067421238474","50","85.6067421238474"
"3.07","0.709785831660171","1","35.4892915830086","50","85.4892915830086"
"3.08","0.707433250145298","1","35.3716625072649","50","85.3716625072649"
"3.09","0.705077184924635","1","35.2538592462318","50","85.2538592462318"
"3.1","0.702717722868398","1","35.1358861434199","50","85.1358861434199"
"3.11","0.700354950719569","1","35.0177475359785","50","85.0177475359784"
"3.12","0.697988955088782","1","34.8994477544391","50","84.8994477544391"
"3.13","0.695619822449231","1","34.7809911224616","50","84.7809911224616"
"3.14","0.693247639131613","1","34.6623819565806","50","84.6623819565806"
"3.15","0.69087249131909","1","34.5436245659545","50","84.5436245659545"
"3.16","0.688494465042293","1","34.4247232521147","50","84.4247232521147"
"3.17","0.686113646174345","1","34.3056823087172","50","84.3056823087172"
"3.18","0.683730120425914","1","34.1865060212957","50","84.1865060212957"
"3.19","0.681343973340304","1","34.0671986670152","50","84.0671986670152"
"3.2","0.678955290288568","1","33.9477645144284","50","83.9477645144284"
"3.21","0.676564156464655","1","33.8282078232328","50","83.8282078232328"
"3.22","0.67417065688059","1","33.7085328440295","50","83.7085328440295"
"3.23","0.671774876361682","1","33.5887438180841","50","83.5887438180841"
"3.24","0.669376899541766","1","33.4688449770883","50","83.4688449770883"
"3.25","0.666976810858474","1","33.3488405429237","50","83.3488405429237"
"3.26","0.664574694548548","1","33.2287347274274","50","83.2287347274274"
"3.27","0.662170634643171","1","33.1085317321585","50","83.1085317321585"
"3.28","0.659764714963342","1","32.9882357481671","50","82.9882357481671"
"3.29","0.657357019115285","1","32.8678509557643","50","82.8678509557643"
"3.3","0.654947630485883","1","32.7473815242942","50","82.7473815242942"
"3.31","0.652536632238154","1","32.6268316119077","50","82.6268316119077"
"3.32","0.650124107306759","1","32.506205365338","50","82.506205365338"
"3.33","0.647710138393545","1","32.3855069196773","50","82.3855069196773"
"3.34","0.645294807963121","1","32.264740398156","50","82.2647403981561"
"3.35","0.642878198238472","1","32.1439099119236","50","82.1439099119236"
"3.36","0.640460391196609","1","32.0230195598304","50","82.0230195598304"
"3.37","0.638041468564251","1","31.9020734282125","50","81.9020734282125"
"3.38","0.635621511813547","1","31.7810755906773","50","81.7810755906773"
"3.39","0.633200602157834","1","31.6600301078917","50","81.6600301078917"
"3.4","0.630778820547428","1","31.5389410273714","50","81.5389410273714"
"3.41","0.62835624766546","1","31.417812383273","50","81.417812383273"
"3.42","0.625932963923738","1","31.2966481961869","50","81.2966481961869"
"3.43","0.623509049458657","1","31.1754524729328","50","81.1754524729328"
"3.44","0.62108458412714","1","31.054229206357","50","81.054229206357"
"3.45","0.618659647502622","1","30.9329823751311","50","80.9329823751311"
"3.46","0.616234318871067","1","30.8117159435534","50","80.8117159435534"
"3.47","0.613808677227026","1","30.6904338613513","50","80.6904338613513"
"3.48","0.611382801269737","1","30.5691400634868","50","80.5691400634868"
"3.49","0.608956769399255","1","30.4478384699627","50","80.4478384699627"
"3.5","0.606530659712633","1","30.3265329856317","50","80.3265329856317"
"3.51","0.604104550000133","1","30.2052275000067","50","80.2052275000067"
"3.52","0.601678517741479","1","30.0839258870739","50","80.0839258870739"
"3.53","0.599252640102151","1","29.9626320051075","50","79.9626320051076"
"3.54","0.59682699392972","1","29.841349696486","50","79.841349696486"
"3.55","0.594401655750219","1","29.7200827875109","50","79.7200827875109"
"3.56","0.591976701764558","1","29.5988350882279","50","79.5988350882279"
"3.57","0.589552207844981","1","29.477610392249","50","79.477610392249"
"3.58","0.587128249531554","1","29.3564124765777","50","79.3564124765777"
"3.59","0.584704902028708","1","29.2352451014354","50","79.2352451014354"
"3.6","0.582282240201813","1","29.1141120100907","50","79.1141120100907"
"3.61","0.579860338573795","1","28.9930169286898","50","78.9930169286898"
"3.62","0.577439271321797","1","28.8719635660899","50","78.8719635660899"
"3.63","0.575019112273879","1","28.750955613694","50","78.750955613694"
"3.64","0.572599934905761","1","28.629996745288","50","78.629996745288"
"3.65","0.570181812337605","1","28.5090906168803","50","78.5090906168803"
"3.66","0.567764817330846","1","28.3882408665423","50","78.3882408665423"
"3.67","0.565349022285055","1","28.2674511142527","50","78.2674511142527"
"3.68","0.562934499234851","1","28.1467249617425","50","78.1467249617425"
"3.69","0.560521319846855","1","28.0260659923427","50","78.0260659923427"
"3.7","0.558109555416683","1","27.9054777708341","50","77.9054777708341"
"3.71","0.555699276865983","1","27.7849638432991","50","77.7849638432992"
"3.72","0.553290554739518","1","27.6645277369759","50","77.6645277369759"
"3.73","0.550883459202284","1","27.5441729601142","50","77.5441729601142"
"3.74","0.548478060036679","1","27.4239030018339","50","77.4239030018339"
"3.75","0.546074426639709","1","27.3037213319855","50","77.3037213319855"
"3.76","0.543672628020243","1","27.1836314010121","50","77.1836314010121"
"3.77","0.5412727327963","1","27.063636639815","50","77.063636639815"
"3.78","0.538874809192392","1","26.9437404596196","50","76.9437404596196"
"3.79","0.536478925036905","1","26.8239462518452","50","76.8239462518453"
"3.8","0.534085147759517","1","26.7042573879759","50","76.7042573879758"
"3.81","0.53169354438867","1","26.5846772194335","50","76.5846772194335"
"3.82","0.529304181549078","1","26.4652090774539","50","76.4652090774539"
"3.83","0.52691712545928","1","26.345856272964","50","76.345856272964"
"3.84","0.524532441929239","1","26.226622096462","50","76.226622096462"
"3.85","0.52215019635798","1","26.107509817899","50","76.107509817899"
"3.86","0.519770453731274","1","25.9885226865637","50","75.9885226865637"
"3.87","0.517393278619368","1","25.8696639309684","50","75.8696639309684"
"3.88","0.515018735174751","1","25.7509367587376","50","75.7509367587376"
"3.89","0.512646887129975","1","25.6323443564987","50","75.6323443564987"
"3.9","0.510277797795504","1","25.5138898897752","50","75.5138898897752"
"3.91","0.507911530057623","1","25.3955765028812","50","75.3955765028812"
"3.92","0.505548146376381","1","25.2774073188191","50","75.277407318819"
"3.93","0.503187708783576","1","25.1593854391788","50","75.1593854391788"
"3.94","0.50083027888079","1","25.0415139440395","50","75.0415139440395"
"3.95","0.498475917837466","1","24.9237958918733","50","74.9237958918733"
"3.96","0.496124686389022","1","24.8062343194511","50","74.8062343194511"
"3.97","0.493776644835018","1","24.6888322417509","50","74.6888322417509"
"3.98","0.49143185303736","1","24.571592651868","50","74.571592651868"
"3.99","0.489090370418548","1","24.4545185209274","50","74.4545185209274"
"4","0.486752255959972","1","24.3376127979986","50","74.3376127979986"
"4.01","0.484417568200244","1","24.2208784100122","50","74.2208784100122"
"4.02","0.48208636523358","1","24.104318261679","50","74.104318261679"
"4.03","0.479758704708223","1","23.9879352354111","50","73.9879352354112"
"4.04","0.477434643824905","1","23.8717321912452","50","73.8717321912453"
"4.05","0.475114239335359","1","23.755711966768","50","73.755711966768"
"4.06","0.47279754754087","1","23.6398773770435","50","73.6398773770435"
"4.07","0.470484624290869","1","23.5242312145435","50","73.5242312145435"
"4.08","0.468175524981572","1","23.4087762490786","50","73.4087762490786"
"4.09","0.465870304554659","1","23.293515227733","50","73.293515227733"
"4.1","0.463569017495999","1","23.1784508747999","50","73.1784508747999"
"4.11","0.461271717834411","1","23.0635858917206","50","73.0635858917206"
"4.12","0.458978459140482","1","22.9489229570241","50","72.9489229570241"
"4.13","0.456689294525409","1","22.8344647262704","50","72.8344647262704"
"4.14","0.454404276639894","1","22.7202138319947","50","72.7202138319947"
"4.15","0.452123457673083","1","22.6061728836541","50","72.6061728836541"
"4.16","0.449846889351541","1","22.4923444675771","50","72.4923444675771"
"4.17","0.447574622938273","1","22.3787311469136","50","72.3787311469137"
"4.18","0.445306709231783","1","22.2653354615891","50","72.2653354615891"
"4.19","0.44304319856518","1","22.152159928259","50","72.152159928259"
"4.2","0.440784140805324","1","22.0392070402662","50","72.0392070402662"
"4.21","0.43852958535201","1","21.9264792676005","50","71.9264792676005"
"4.22","0.436279581137195","1","21.8139790568597","50","71.8139790568597"
"4.23","0.434034176624271","1","21.7017088312136","50","71.7017088312136"
"4.24","0.431793419807376","1","21.5896709903688","50","71.5896709903688"
"4.25","0.429557358210739","1","21.477867910537","50","71.477867910537"
"4.26","0.42732603888808","1","21.366301944404","50","71.366301944404"
"4.27","0.425099508422038","1","21.2549754211019","50","71.2549754211019"
"4.28","0.422877812923645","1","21.1438906461823","50","71.1438906461823"
"4.29","0.420660998031844","1","21.0330499015922","50","71.0330499015922"
"4.3","0.418449108913035","1","20.9224554456518","50","70.9224554456518"
"4.31","0.416242190260679","1","20.812109513034","50","70.812109513034"
"4.32","0.414040286294925","1","20.7020143147462","50","70.7020143147462"
"4.33","0.411843440762284","1","20.5921720381142","50","70.5921720381142"
"4.34","0.409651696935345","1","20.4825848467673","50","70.4825848467673"
"4.35","0.407465097612528","1","20.3732548806264","50","70.3732548806264"
"4.36","0.40528368511787","1","20.2641842558935","50","70.2641842558935"
"4.37","0.403107501300865","1","20.1553750650432","50","70.1553750650432"
"4.38","0.400936587536322","1","20.0468293768161","50","70.0468293768161"
"4.39","0.398770984724284","1","19.9385492362142","50","69.9385492362142"
"4.4","0.396610733289965","1","19.8305366644982","50","69.8305366644982"
"4.41","0.394455873183742","1","19.7227936591871","50","69.7227936591871"
"4.42","0.392306443881172","1","19.6153221940586","50","69.6153221940586"
"4.43","0.390162484383055","1","19.5081242191528","50","69.5081242191528"
"4.44","0.388024033215532","1","19.4012016607766","50","69.4012016607766"
"4.45","0.385891128430219","1","19.2945564215109","50","69.2945564215109"
"4.46","0.383763807604378","1","19.1881903802189","50","69.1881903802189"
"4.47","0.381642107841129","1","19.0821053920565","50","69.0821053920565"
"4.48","0.379526065769695","1","18.9763032884847","50","68.9763032884847"
"4.49","0.377415717545682","1","18.8707858772841","50","68.8707858772841"
"4.5","0.3753110988514","1","18.76555494257","50","68.76555494257"
"4.51","0.373212244896216","1","18.6606122448108","50","68.6606122448108"
"4.52","0.371119190416946","1","18.5559595208473","50","68.5559595208473"
"4.53","0.36903196967828","1","18.451598483914","50","68.451598483914"
"4.54","0.366950616473239","1","18.347530823662","50","68.347530823662"
"4.55","0.364875164123679","1","18.243758206184","50","68.243758206184"
"4.56","0.362805645480815","1","18.1402822740407","50","68.1402822740407"
"4.57","0.360742092925789","1","18.0371046462895","50","68.0371046462895"
"4.58","0.35868453837027","1","17.9342269185135","50","67.9342269185135"
"4.59","0.356633013257088","1","17.8316506628544","50","67.8316506628544"
"4.6","0.354587548560899","1","17.7293774280449","50","67.7293774280449"
"4.61","0.352548174788889","1","17.6274087394444","50","67.6274087394444"
"4.62","0.350514921981507","1","17.5257460990753","50","67.5257460990753"
"4.63","0.348487819713232","1","17.4243909856616","50","67.4243909856616"
"4.64","0.346466897093375","1","17.3233448546688","50","67.3233448546688"
"4.65","0.344452182766909","1","17.2226091383454","50","67.2226091383454"
"4.66","0.342443704915335","1","17.1221852457667","50","67.1221852457667"
"4.67","0.340441491257578","1","17.0220745628789","50","67.0220745628789"
"4.68","0.338445569050919","1","16.922278452546","50","66.922278452546"
"4.69","0.336455965091949","1","16.8227982545975","50","66.8227982545974"
"4.7","0.334472705717564","1","16.7236352858782","50","66.7236352858782"
"4.71","0.332495816805986","1","16.6247908402993","50","66.6247908402993"
"4.72","0.330525323777814","1","16.5262661888907","50","66.5262661888907"
"4.73","0.328561251597108","1","16.4280625798554","50","66.4280625798554"
"4.74","0.326603624772504","1","16.3301812386252","50","66.3301812386252"
"4.75","0.32465246735835","1","16.2326233679175","50","66.2326233679175"
"4.76","0.322707802955883","1","16.1353901477942","50","66.1353901477942"
"4.77","0.32076965471443","1","16.0384827357215","50","66.0384827357215"
"4.78","0.318838045332634","1","15.9419022666317","50","65.9419022666317"
"4.79","0.316912997059717","1","15.8456498529859","50","65.8456498529859"
"4.8","0.314994531696763","1","15.7497265848382","50","65.7497265848382"
"4.81","0.313082670598035","1","15.6541335299018","50","65.6541335299017"
"4.82","0.311177434672316","1","15.5588717336158","50","65.5588717336158"
"4.83","0.309278844384279","1","15.463942219214","50","65.463942219214"
"4.84","0.307386919755885","1","15.3693459877943","50","65.3693459877942"
"4.85","0.305501680367805","1","15.2750840183903","50","65.2750840183902"
"4.86","0.303623145360871","1","15.1811572680436","50","65.1811572680436"
"4.87","0.301751333437553","1","15.0875666718776","50","65.0875666718777"
"4.88","0.299886262863459","1","14.9943131431729","50","64.9943131431729"
"4.89","0.298027951468865","1","14.9013975734432","50","64.9013975734432"
"4.9","0.296176416650267","1","14.8088208325133","50","64.8088208325133"
"4.91","0.29433167537196","1","14.716583768598","50","64.716583768598"
"4.92","0.29249374416764","1","14.624687208382","50","64.624687208382"
"4.93","0.290662639142032","1","14.5331319571016","50","64.5331319571016"
"4.94","0.288838375972538","1","14.4419187986269","50","64.4419187986269"
"4.95","0.287020969910917","1","14.3510484955459","50","64.3510484955459"
"4.96","0.285210435784981","1","14.2605217892491","50","64.2605217892491"
"4.97","0.283406788000315","1","14.1703394000157","50","64.1703394000157"
"4.98","0.281610040542022","1","14.0805020271011","50","64.0805020271011"
"4.99","0.279820206976494","1","13.9910103488247","50","63.9910103488247"
"5","0.278037300453194","1","13.9018650226597","50","63.9018650226597"
"5.01","0.276261333706473","1","13.8130666853237","50","63.8130666853237"
"5.02","0.2744923190574","1","13.72461595287","50","63.72461595287"
"5.03","0.272730268415614","1","13.6365134207807","50","63.6365134207807"
"5.04","0.270975193281205","1","13.5487596640602","50","63.5487596640602"
"5.05","0.2692271047466","1","13.46135523733","50","63.46135523733"
"5.06","0.267486013498487","1","13.3743006749243","50","63.3743006749243"
"5.07","0.265751929819748","1","13.2875964909874","50","63.2875964909874"
"5.08","0.264024863591413","1","13.2012431795707","50","63.2012431795707"
"5.09","0.262304824294636","1","13.1152412147318","50","63.1152412147318"
"5.1","0.260591821012689","1","13.0295910506345","50","63.0295910506345"
"5.11","0.258885862432975","1","12.9442931216487","50","62.9442931216487"
"5.12","0.257186956849057","1","12.8593478424528","50","62.8593478424528"
"5.13","0.255495112162709","1","12.7747556081355","50","62.7747556081355"
"5.14","0.253810335885986","1","12.6905167942993","50","62.6905167942993"
"5.15","0.2521326351433","1","12.606631757165","50","62.606631757165"
"5.16","0.250462016673531","1","12.5231008336765","50","62.5231008336765"
"5.17","0.248798486832139","1","12.439924341607","50","62.439924341607"
"5.18","0.247142051593303","1","12.3571025796652","50","62.3571025796652"
"5.19","0.24549271655207","1","12.2746358276035","50","62.2746358276035"
"5.2","0.243850486926525","1","12.1925243463262","50","62.1925243463262"
"5.21","0.242215367559968","1","12.1107683779984","50","62.1107683779984"
"5.22","0.24058736292312","1","12.029368146156","50","62.029368146156"
"5.23","0.238966477116331","1","11.9483238558166","50","61.9483238558166"
"5.24","0.23735271387181","1","11.8676356935905","50","61.8676356935905"
"5.25","0.235746076555864","1","11.7873038277932","50","61.7873038277932"
"5.26","0.234146568171158","1","11.7073284085579","50","61.7073284085579"
"5.27","0.232554191358984","1","11.6277095679492","50","61.6277095679492"
"5.28","0.230968948401543","1","11.5484474200772","50","61.5484474200772"
"5.29","0.229390841224244","1","11.4695420612122","50","61.4695420612122"
"5.3","0.227819871398009","1","11.3909935699005","50","61.3909935699005"
"5.31","0.2262560401416","1","11.31280200708","50","61.31280200708"
"5.32","0.22469934832395","1","11.2349674161975","50","61.2349674161975"
"5.33","0.223149796466508","1","11.1574898233254","50","61.1574898233254"
"5.34","0.221607384745601","1","11.08036923728","50","61.08036923728"
"5.35","0.220072112994796","1","11.0036056497398","50","61.0036056497398"
"5.36","0.218543980707286","1","10.9271990353643","50","60.9271990353643"
"5.37","0.217022987038279","1","10.8511493519139","50","60.8511493519139"
"5.38","0.215509130807393","1","10.7754565403697","50","60.7754565403697"
"5.39","0.214002410501077","1","10.7001205250539","50","60.7001205250538"
"5.4","0.212502824275022","1","10.6251412137511","50","60.6251412137511"
"5.41","0.211010369956597","1","10.5505184978299","50","60.5505184978299"
"5.42","0.209525045047286","1","10.4762522523643","50","60.4762522523643"
"5.43","0.208046846725137","1","10.4023423362568","50","60.4023423362568"
"5.44","0.206575771847216","1","10.3287885923608","50","60.3287885923608"
"5.45","0.205111816952077","1","10.2555908476038","50","60.2555908476038"
"5.46","0.20365497826223","1","10.1827489131115","50","60.1827489131115"
"5.47","0.202205251686623","1","10.1102625843312","50","60.1102625843312"
"5.48","0.200762632823133","1","10.0381316411566","50","60.0381316411566"
"5.49","0.199327116961057","1","9.96635584805283","50","59.9663558480528"
"5.5","0.197898699083615","1","9.89493495418073","50","59.8949349541807"
"5.51","0.19647737387046","1","9.82386869352301","50","59.823868693523"
"5.52","0.195063135700192","1","9.75315678500961","50","59.7531567850096"
"5.53","0.193655978652879","1","9.68279893264392","50","59.6827989326439"
"5.54","0.192255896512579","1","9.61279482562895","50","59.612794825629"
"5.55","0.19086288276988","1","9.54314413849401","50","59.543144138494"
"5.56","0.18947693062443","1","9.4738465312215","50","59.4738465312215"
"5.57","0.188098032987481","1","9.40490164937405","50","59.4049016493741"
"5.58","0.186726182484435","1","9.33630912422176","50","59.3363091242218"
"5.59","0.185361371457396","1","9.26806857286978","50","59.2680685728698"
"5.6","0.18400359196772","1","9.20017959838599","50","59.200179598386"
"5.61","0.182652835798579","1","9.13264178992896","50","59.132641789929"
"5.62","0.18130909445752","1","9.065454722876","50","59.065454722876"
"5.63","0.179972359179028","1","8.9986179589514","50","58.9986179589514"
"5.64","0.178642620927096","1","8.93213104635482","50","58.9321310463548"
"5.65","0.177319870397796","1","8.86599351988982","50","58.8659935198898"
"5.66","0.17600409802185","1","8.80020490109251","50","58.8002049010925"
"5.67","0.174695293967206","1","8.73476469836028","50","58.7347646983603"
"5.68","0.173393448141613","1","8.66967240708063","50","58.6696724070806"
"5.69","0.172098550195202","1","8.60492750976009","50","58.6049275097601"
"5.7","0.170810589523065","1","8.54052947615324","50","58.5405294761532"
"5.71","0.169529555267834","1","8.47647776339171","50","58.4764777633917"
"5.72","0.168255436322265","1","8.41277181611326","50","58.4127718161133"
"5.73","0.166988221331819","1","8.34941106659093","50","58.3494110665909"
"5.74","0.165727898697242","1","8.28639493486212","50","58.2863949348621"
"5.75","0.164474456577155","1","8.22372282885775","50","58.2237228288577"
"5.76","0.163227882890627","1","8.16139414453135","50","58.1613941445313"
"5.77","0.161988165319764","1","8.09940826598819","50","58.0994082659882"
"5.78","0.160755291312287","1","8.03776456561436","50","58.0377645656144"
"5.79","0.159529248084114","1","7.97646240420572","50","57.9764624042057"
"5.8","0.158310022621939","1","7.91550113109694","50","57.9155011310969"
"5.81","0.157097601685807","1","7.85488008429034","50","57.8548800842903"
"5.82","0.155891971811695","1","7.79459859058477","50","57.7945985905848"
"5.83","0.154693119314085","1","7.73465596570425","50","57.7346559657042"
"5.84","0.153501030288533","1","7.67505151442663","50","57.6750515144266"
"5.85","0.152315690614242","1","7.61578453071209","50","57.6157845307121"
"5.86","0.151137085956631","1","7.55685429783155","50","57.5568542978315"
"5.87","0.149965201769896","1","7.4982600884948","50","57.4982600884948"
"5.88","0.148800023299574","1","7.4400011649787","50","57.4400011649787"
"5.89","0.147641535585101","1","7.38207677925503","50","57.382076779255"
"5.9","0.146489723462366","1","7.32448617311829","50","57.3244861731183"
"5.91","0.145344571566265","1","7.26722857831324","50","57.2672285783132"
"5.92","0.144206064333246","1","7.2103032166623","50","57.2103032166623"
"5.93","0.143074186003854","1","7.1537093001927","50","57.1537093001927"
"5.94","0.141948920625269","1","7.09744603126344","50","57.0974460312634"
"5.95","0.140830252053841","1","7.04151260269207","50","57.0415126026921"
"5.96","0.139718163957622","1","6.98590819788112","50","56.9859081978811"
"5.97","0.138612639818888","1","6.93063199094439","50","56.9306319909444"
"5.98","0.137513662936659","1","6.87568314683295","50","56.875683146833"
"5.99","0.136421216429217","1","6.82106082146086","50","56.8210608214609"
"6","0.135335283236613","1","6.76676416183064","50","56.7667641618306"
"6.01","0.134255846123168","1","6.71279230615838","50","56.7127923061584"
"6.02","0.133182887679974","1","6.65914438399872","50","56.6591443839987"
"6.03","0.132116390327387","1","6.60581951636933","50","56.6058195163693"
"6.04","0.131056336317504","1","6.55281681587519","50","56.5528168158752"
"6.05","0.130002707736651","1","6.50013538683255","50","56.5001353868326"
"6.06","0.12895548650785","1","6.44777432539249","50","56.4477743253925"
"6.07","0.127914654393284","1","6.39573271966418","50","56.3957327196642"
"6.08","0.126880192996756","1","6.34400964983782","50","56.3440096498378"
"6.09","0.125852083766143","1","6.29260418830715","50","56.2926041883072"
"6.1","0.124830307995833","1","6.24151539979164","50","56.2415153997916"
"6.11","0.123814846829166","1","6.19074234145829","50","56.1907423414583"
"6.12","0.122805681260861","1","6.14028406304304","50","56.140284063043"
"6.13","0.121802792139435","1","6.09013960697176","50","56.0901396069718"
"6.14","0.120806160169619","1","6.04030800848094","50","56.0403080084809"
"6.15","0.119815765914756","1","5.9907882957378","50","55.9907882957378"
"6.16","0.118831589799203","1","5.94157948996015","50","55.9415794899601"
"6.17","0.117853612110714","1","5.89268060553571","50","55.8926806055357"
"6.18","0.116881813002821","1","5.84409065014103","50","55.844090650141"
"6.19","0.115916172497199","1","5.79580862485997","50","55.79580862486"
"6.2","0.114956670486035","1","5.74783352430175","50","55.7478335243017"
"6.21","0.11400328673437","1","5.70016433671851","50","55.7001643367185"
"6.22","0.113056000882448","1","5.65280004412238","50","55.6528000441224"
"6.23","0.112114792448043","1","5.60573962240215","50","55.6057396224021"
"6.24","0.111179640828789","1","5.55898204143943","50","55.5589820414394"
"6.25","0.110250525304485","1","5.51252626522426","50","55.5125262652243"
"6.26","0.109327425039406","1","5.46637125197032","50","55.4663712519703"
"6.27","0.108410319084591","1","5.42051595422957","50","55.4205159542296"
"6.28","0.107499186380129","1","5.37495931900645","50","55.3749593190065"
"6.29","0.10659400575743","1","5.32970028787149","50","55.3297002878715"
"6.3","0.105694755941489","1","5.28473779707443","50","55.2847377970744"
"6.31","0.104801415553136","1","5.24007077765682","50","55.2400707776568"
"6.32","0.103913963111282","1","5.19569815556411","50","55.1956981555641"
"6.33","0.103032377035143","1","5.15161885175713","50","55.1516188517571"
"6.34","0.102156635646461","1","5.10783178232307","50","55.1078317823231"
"6.35","0.101286717171718","1","5.06433585858592","50","55.0643358585859"
"6.36","0.100422599744327","1","5.02112998721634","50","55.0211299872163"
"6.37","0.0995642614068188","1","4.97821307034094","50","54.9782130703409"
"6.38","0.0987116801130197","1","4.93558400565099","50","54.935584005651"
"6.39","0.0978648337302121","1","4.89324168651061","50","54.8932416865106"
"6.4","0.097023700041287","1","4.85118500206435","50","54.8511850020643"
"6.41","0.0961882567468829","1","4.80941283734414","50","54.8094128373441"
"6.42","0.0953584814675145","1","4.76792407337573","50","54.7679240733757"
"6.43","0.0945343517456887","1","4.72671758728443","50","54.7267175872844"
"6.44","0.0937158450480079","1","4.68579225240039","50","54.6857922524004"
"6.45","0.0929029387672628","1","4.64514693836314","50","54.6451469383631"
"6.46","0.0920956102245113","1","4.60478051122556","50","54.6047805112256"
"6.47","0.0912938366711462","1","4.56469183355731","50","54.5646918335573"
"6.48","0.09049759529095","1","4.5248797645475","50","54.5248797645475"
"6.49","0.0897068632021377","1","4.48534316010689","50","54.4853431601069"
"6.5","0.0889216174593863","1","4.44608087296932","50","54.4460808729693"
"6.51","0.0881418350558521","1","4.4070917527926","50","54.4070917527926"
"6.52","0.0873674929251751","1","4.36837464625876","50","54.3683746462588"
"6.53","0.0865985679434712","1","4.32992839717356","50","54.3299283971736"
"6.54","0.0858350369313102","1","4.29175184656551","50","54.2917518465655"
"6.55","0.085076876655682","1","4.2538438327841","50","54.2538438327841"
"6.56","0.0843240638319493","1","4.21620319159747","50","54.2162031915975"
"6.57","0.0835765751257875","1","4.17882875628937","50","54.1788287562894"
"6.58","0.0828343871551102","1","4.14171935775551","50","54.1417193577555"
"6.59","0.0820974764919836","1","4.10487382459918","50","54.1048738245992"
"6.6","0.0813658196645253","1","4.06829098322626","50","54.0682909832263"
"6.61","0.0806393931587914","1","4.03196965793957","50","54.0319696579396"
"6.62","0.0799181734206494","1","3.99590867103247","50","53.9959086710325"
"6.63","0.0792021368576374","1","3.96010684288187","50","53.9601068428819"
"6.64","0.0784912598408103","1","3.92456299204052","50","53.9245629920405"
"6.65","0.0777855187065723","1","3.88927593532861","50","53.8892759353286"
"6.66","0.077084889758495","1","3.85424448792475","50","53.8542444879248"
"6.67","0.076389349269123","1","3.81946746345615","50","53.8194674634561"
"6.68","0.0756988734817643","1","3.78494367408821","50","53.7849436740882"
"6.69","0.0750134386122685","1","3.75067193061343","50","53.7506719306134"
"6.7","0.0743330208507896","1","3.71665104253948","50","53.7166510425395"
"6.71","0.0736575963635359","1","3.6828798181768","50","53.6828798181768"
"6.72","0.0729871412945054","1","3.64935706472527","50","53.6493570647253"
"6.73","0.0723216317672076","1","3.61608158836038","50","53.6160815883604"
"6.74","0.0716610438863711","1","3.58305219431855","50","53.5830521943186"
"6.75","0.071005353739637","1","3.55026768698185","50","53.5502676869818"
"6.76","0.0703545373992385","1","3.51772686996193","50","53.5177268699619"
"6.77","0.0697085709236662","1","3.48542854618331","50","53.4854285461833"
"6.78","0.0690674303593192","1","3.45337151796596","50","53.453371517966"
"6.79","0.0684310917421422","1","3.42155458710711","50","53.4215545871071"
"6.8","0.0677995310992478","1","3.38997655496239","50","53.3899765549624"
"6.81","0.067172724450526","1","3.3586362225263","50","53.3586362225263"
"6.82","0.0665506478102375","1","3.32753239051188","50","53.3275323905119"
"6.83","0.0659332771885944","1","3.29666385942972","50","53.2966638594297"
"6.84","0.0653205885933252","1","3.26602942966626","50","53.2660294296663"
"6.85","0.0647125580312268","1","3.23562790156134","50","53.2356279015613"
"6.86","0.0641091615097016","1","3.20545807548508","50","53.2054580754851"
"6.87","0.0635103750382796","1","3.17551875191398","50","53.175518751914"
"6.88","0.0629161746301273","1","3.14580873150637","50","53.1458087315064"
"6.89","0.0623265363035415","1","3.11632681517708","50","53.1163268151771"
"6.9","0.0617414360834291","1","3.08707180417145","50","53.0870718041715"
"6.91","0.0611608500027718","1","3.05804250013859","50","53.0580425001386"
"6.92","0.0605847541040778","1","3.02923770520389","50","53.0292377052039"
"6.93","0.0600131244408175","1","3.00065622204087","50","53.0006562220409"
"6.94","0.0594459370788458","1","2.97229685394229","50","52.9722968539423"
"6.95","0.0588831680978104","1","2.94415840489052","50","52.9441584048905"
"6.96","0.0583247935925438","1","2.91623967962719","50","52.9162396796272"
"6.97","0.0577707896744435","1","2.88853948372217","50","52.8885394837222"
"6.98","0.0572211324728356","1","2.86105662364178","50","52.8610566236418"
"6.99","0.0566757981363256","1","2.83378990681628","50","52.8337899068163"
"7","0.0561347628341337","1","2.80673814170669","50","52.8067381417067"
"7.01","0.0555980027574163","1","2.77990013787082","50","52.7799001378708"
"7.02","0.0550654941205733","1","2.75327470602867","50","52.7532747060287"
"7.03","0.0545372131625406","1","2.72686065812703","50","52.726860658127"
"7.04","0.0540131361480683","1","2.70065680740342","50","52.7006568074034"
"7.05","0.0534932393689855","1","2.67466196844928","50","52.6746619684493"
"7.06","0.0529774991454492","1","2.64887495727246","50","52.6488749572725"
"7.07","0.0524658918271805","1","2.62329459135903","50","52.623294591359"
"7.08","0.0519583937946855","1","2.59791968973427","50","52.5979196897343"
"7.09","0.0514549814604623","1","2.57274907302312","50","52.5727490730231"
"7.1","0.0509556312701942","1","2.54778156350971","50","52.5477815635097"
"7.11","0.0504603197039279","1","2.52301598519639","50","52.5230159851964"
"7.12","0.0499690232772381","1","2.49845116386191","50","52.4984511638619"
"7.13","0.049481718542378","1","2.4740859271189","50","52.4740859271189"
"7.14","0.0489983820894151","1","2.44991910447076","50","52.4499191044708"
"7.15","0.048518990547354","1","2.4259495273677","50","52.4259495273677"
"7.16","0.0480435205852436","1","2.40217602926218","50","52.4021760292622"
"7.17","0.0475719489132719","1","2.3785974456636","50","52.3785974456636"
"7.18","0.0471042522838458","1","2.35521261419229","50","52.3552126141923"
"7.19","0.046640407492657","1","2.33202037463285","50","52.3320203746328"
"7.2","0.0461803913797347","1","2.30901956898674","50","52.3090195689867"
"7.21","0.0457241808304835","1","2.28620904152417","50","52.2862090415242"
"7.22","0.0452717527767078","1","2.26358763883539","50","52.2635876388354"
"7.23","0.0448230841976229","1","2.24115420988114","50","52.2411542098811"
"7.24","0.0443781521208516","1","2.21890760604258","50","52.2189076060426"
"7.25","0.0439369336234074","1","2.19684668117037","50","52.1968466811704"
"7.26","0.0434994058326641","1","2.17497029163321","50","52.1749702916332"
"7.27","0.0430655459273114","1","2.15327729636557","50","52.1532772963656"
"7.28","0.0426353311382976","1","2.13176655691488","50","52.1317665569149"
"7.29","0.0422087387497577","1","2.11043693748789","50","52.1104369374879"
"7.3","0.0417857460999293","1","2.08928730499646","50","52.0892873049965"
"7.31","0.0413663305820536","1","2.06831652910268","50","52.0683165291027"
"7.32","0.0409504696452643","1","2.04752348226322","50","52.0475234822632"
"7.33","0.0405381407954626","1","2.02690703977313","50","52.0269070397731"
"7.34","0.0401293215961782","1","2.00646607980891","50","52.0064660798089"
"7.35","0.0397239896694186","1","1.98619948347093","50","51.9861994834709"
"7.36","0.0393221226965037","1","1.96610613482518","50","51.9661061348252"
"7.37","0.038923698418888","1","1.9461849209444","50","51.9461849209444"
"7.38","0.0385286946389698","1","1.92643473194849","50","51.9264347319485"
"7.39","0.0381370892208867","1","1.90685446104433","50","51.9068544610443"
"7.4","0.037748860091299","1","1.88744300456495","50","51.887443004565"
"7.41","0.0373639852401593","1","1.86819926200797","50","51.868199262008"
"7.42","0.0369824427214701","1","1.8491221360735","50","51.8491221360735"
"7.43","0.0366042106540275","1","1.83021053270137","50","51.8302105327014"
"7.44","0.0362292672221533","1","1.81146336110766","50","51.8114633611077"
"7.45","0.0358575906764139","1","1.79287953382069","50","51.7928795338207"
"7.46","0.035489159334326","1","1.7744579667163","50","51.7744579667163"
"7.47","0.035123951581051","1","1.75619757905255","50","51.7561975790526"
"7.48","0.0347619458700757","1","1.73809729350379","50","51.7380972935038"
"7.49","0.0344031207238813","1","1.72015603619406","50","51.7201560361941"
"7.5","0.0340474547345993","1","1.70237273672997","50","51.70237273673"
"7.51","0.0336949265646564","1","1.68474632823282","50","51.6847463282328"
"7.52","0.0333455149474055","1","1.66727574737028","50","51.6672757473703"
"7.53","0.0329991986877456","1","1.64995993438728","50","51.6499599343873"
"7.54","0.0326559566627295","1","1.63279783313648","50","51.6327978331365"
"7.55","0.0323157678221589","1","1.61578839110794","50","51.6157883911079"
"7.56","0.0319786111891681","1","1.59893055945841","50","51.5989305594584"
"7.57","0.0316444658607958","1","1.58222329303979","50","51.5822232930398"
"7.58","0.0313133110085441","1","1.5656655504272","50","51.5656655504272"
"7.59","0.0309851258789272","1","1.54925629394636","50","51.5492562939464"
"7.6","0.0306598897940075","1","1.53299448970038","50","51.5329944897004"
"7.61","0.0303375821519199","1","1.516879107596","50","51.516879107596"
"7.62","0.0300181824273852","1","1.50090912136926","50","51.5009091213693"
"7.63","0.0297016701722116","1","1.48508350861058","50","51.4850835086106"
"7.64","0.0293880250157847","1","1.46940125078923","50","51.4694012507892"
"7.65","0.0290772266655467","1","1.45386133327734","50","51.4538613332773"
"7.66","0.0287692549074639","1","1.43846274537319","50","51.4384627453732"
"7.67","0.0284640896064827","1","1.42320448032413","50","51.4232044803241"
"7.68","0.0281617107069753","1","1.40808553534876","50","51.4080855353488"
"7.69","0.0278620982331737","1","1.39310491165869","50","51.3931049116587"
"7.7","0.0275652322895934","1","1.37826161447967","50","51.3782616144797"
"7.71","0.0272710930614449","1","1.36355465307225","50","51.3635546530722"
"7.72","0.0269796608150363","1","1.34898304075181","50","51.3489830407518"
"7.73","0.0266909158981633","1","1.33454579490817","50","51.3345457949082"
"7.74","0.0264048387404901","1","1.3202419370245","50","51.3202419370245"
"7.75","0.0261214098539182","1","1.30607049269591","50","51.3060704926959"
"7.76","0.0258406098329463","1","1.29203049164732","50","51.2920304916473"
"7.77","0.0255624193550184","1","1.27812096775092","50","51.2781209677509"
"7.78","0.0252868191808623","1","1.26434095904311","50","51.2643409590431"
"7.79","0.0250137901548177","1","1.25068950774089","50","51.2506895077409"
"7.8","0.0247433132051543","1","1.23716566025772","50","51.2371656602577"
"7.81","0.0244753693443789","1","1.22376846721895","50","51.2237684672189"
"7.82","0.024209939669534","1","1.2104969834767","50","51.2104969834767"
"7.83","0.0239470053624848","1","1.19735026812424","50","51.1973502681242"
"7.84","0.0236865476901976","1","1.18432738450988","50","51.1843273845099"
"7.85","0.0234285480050079","1","1.17142740025039","50","51.1714274002504"
"7.86","0.0231729877448786","1","1.15864938724393","50","51.1586493872439"
"7.87","0.0229198484336491","1","1.14599242168245","50","51.1459924216825"
"7.88","0.0226691116812741","1","1.13345558406371","50","51.1334555840637"
"7.89","0.0224207591840541","1","1.12103795920271","50","51.1210379592027"
"7.9","0.0221747727248552","1","1.10873863624276","50","51.1087386362428"
"7.91","0.0219311341733203","1","1.09655670866602","50","51.096556708666"
"7.92","0.0216898254860714","1","1.08449127430357","50","51.0844912743036"
"7.93","0.0214508287069018","1","1.07254143534509","50","51.0725414353451"
"7.94","0.0212141259669604","1","1.06070629834802","50","51.060706298348"
"7.95","0.0209796994849257","1","1.04898497424629","50","51.0489849742463"
"7.96","0.0207475315671725","1","1.03737657835862","50","51.0373765783586"
"7.97","0.0205176046079281","1","1.0258802303964","50","51.0258802303964"
"7.98","0.0202899010894212","1","1.01449505447106","50","51.0144950544711"
"7.99","0.0200644035820215","1","1.00322017910107","50","51.0032201791011"
"8","0.0198410947443703","1","0.992054737218514","50","50.9920547372185"
"8.01","0.0196199573235037","1","0.980997866175187","50","50.9809978661752"
"8.02","0.0194009741549668","1","0.970048707748338","50","50.9700487077483"
"8.03","0.019184128162919","1","0.959206408145948","50","50.959206408146"
"8.04","0.0189694023602324","1","0.948470118011618","50","50.9484701180116"
"8.05","0.018756779848581","1","0.937838992429052","50","50.9378389924291"
"8.06","0.0185462438185224","1","0.927312190926118","50","50.9273121909261"
"8.07","0.0183377775495707","1","0.916888877478537","50","50.9168888774785"
"8.08","0.018131364410263","1","0.906568220513148","50","50.9065682205132"
"8.09","0.0179269878582162","1","0.896349392910809","50","50.8963493929108"
"8.1","0.0177246314401778","1","0.886231572008888","50","50.8862315720089"
"8.11","0.0175242787920679","1","0.876213939603394","50","50.8762139396034"
"8.12","0.017325913639014","1","0.866295681950702","50","50.8662956819507"
"8.13","0.0171295197953787","1","0.856475989768936","50","50.8564759897689"
"8.14","0.016935081164779","1","0.846754058238951","50","50.846754058239"
"8.15","0.0167425817400993","1","0.837129087004967","50","50.837129087005"
"8.16","0.0165520056034967","1","0.827600280174837","50","50.8276002801748"
"8.17","0.0163633369263991","1","0.818166846319957","50","50.81816684632"
"8.18","0.0161765599694963","1","0.808827998474817","50","50.8088279984748"
"8.19","0.0159916590827242","1","0.799582954136212","50","50.7995829541362"
"8.2","0.0158086187052419","1","0.790430935262093","50","50.7904309352621"
"8.21","0.0156274233654018","1","0.781371168270091","50","50.7813711682701"
"8.22","0.015448057680714","1","0.772402884035699","50","50.7724028840357"
"8.23","0.0152705063578022","1","0.763525317890108","50","50.7635253178901"
"8.24","0.0150947541923546","1","0.754737709617732","50","50.7547377096177"
"8.25","0.0149207860690678","1","0.746039303453392","50","50.7460393034534"
"8.26","0.0147485869615839","1","0.737429348079193","50","50.7374293480792"
"8.27","0.0145781419324213","1","0.728907096621067","50","50.7289070966211"
"8.28","0.0144094361329003","1","0.720471806645016","50","50.720471806645"
"8.29","0.0142424548030607","1","0.712122740153034","50","50.712122740153"
"8.3","0.0140771832715748","1","0.703859163578741","50","50.7038591635787"
"8.31","0.0139136069556538","1","0.695680347782688","50","50.6956803477827"
"8.32","0.0137517113609478","1","0.687585568047389","50","50.6875855680474"
"8.33","0.013591482081441","1","0.679574104072049","50","50.679574104072"
"8.34","0.01343290479934","1","0.671645239966999","50","50.671645239967"
"8.35","0.013275965284957","1","0.663798264247852","50","50.6637982642479"
"8.36","0.0131206493965874","1","0.656032469829372","50","50.6560324698294"
"8.37","0.0129669430803813","1","0.648347154019063","50","50.6483471540191"
"8.38","0.01281483237021","1","0.640741618510498","50","50.6407416185105"
"8.39","0.012664303387527","1","0.63321516937635","50","50.6332151693764"
"8.4","0.0125153423412237","1","0.625767117061183","50","50.6257671170612"
"8.41","0.0123679355274793","1","0.618396776373967","50","50.618396776374"
"8.42","0.0122220693296067","1","0.611103466480335","50","50.6111034664803"
"8.43","0.0120777302178917","1","0.603886510894586","50","50.6038865108946"
"8.44","0.0119349047494288","1","0.596745237471439","50","50.5967452374714"
"8.45","0.0117935795679507","1","0.589678978397533","50","50.5896789783975"
"8.46","0.0116537414036538","1","0.582687070182688","50","50.5826870701827"
"8.47","0.0115153770730185","1","0.575768853650924","50","50.5757688536509"
"8.48","0.0113784734786249","1","0.568923673931243","50","50.5689236739312"
"8.49","0.0112430176089636","1","0.562150880448178","50","50.5621508804482"
"8.5","0.0111089965382423","1","0.555449826912115","50","50.5554498269121"
"8.51","0.0109763974261877","1","0.548819871309384","50","50.5488198713094"
"8.52","0.0108452075178427","1","0.542260375892133","50","50.5422603758921"
"8.53","0.0107154141433597","1","0.535770707167986","50","50.535770707168"
"8.54","0.0105870047177894","1","0.529350235889472","50","50.5293502358895"
"8.55","0.0104599667408653","1","0.522998337043267","50","50.5229983370433"
"8.56","0.010334287796784","1","0.516714389839199","50","50.5167143898392"
"8.57","0.0102099555539815","1","0.510497777699077","50","50.5104977776991"
"8.58","0.0100869577649059","1","0.504347888245296","50","50.5043478882453"
"8.59","0.0099652822657853","1","0.498264113289265","50","50.4982641132893"
"8.6","0.00984491697639244","1","0.492245848819622","50","50.4922458488196"
"8.61","0.00972584989980554","1","0.486292494990277","50","50.4862924949903"
"8.62","0.00960806912216503","1","0.480403456108251","50","50.4804034561082"
"8.63","0.00949156281242703","1","0.474578140621352","50","50.4745781406214"
"8.64","0.00937631922211288","1","0.468815961105644","50","50.4688159611056"
"8.65","0.00926232668505537","1","0.463116334252768","50","50.4631163342528"
"8.66","0.00914957361714143","1","0.457478680857071","50","50.4574786808571"
"8.67","0.0090380485160514","1","0.45190242580257","50","50.4519024258026"
"8.68","0.00892773996099498","1","0.446386998049749","50","50.4463869980498"
"8.69","0.00881863661244398","1","0.440931830622199","50","50.4409318306222"
"8.7","0.00871072721186174","1","0.435536360593087","50","50.4355363605931"
"8.71","0.00860400058142954","1","0.430200029071477","50","50.4302000290715"
"8.72","0.00849844562376986","1","0.424922281188493","50","50.4249222811885"
"8.73","0.00839405132166666","1","0.419702566083333","50","50.4197025660833"
"8.74","0.00829080673778272","1","0.414540336889136","50","50.4145403368891"
"8.75","0.00818870101437408","1","0.409435050718704","50","50.4094350507187"
"8.76","0.0080877233730017","1","0.404386168650085","50","50.4043861686501"
"8.77","0.00798786311424029","1","0.399393155712014","50","50.399393155712"
"8.78","0.00788910961738456","1","0.394455480869228","50","50.3944554808692"
"8.79","0.0077914523401527","1","0.389572617007635","50","50.3895726170076"
"8.8","0.00769488081838747","1","0.384744040919374","50","50.3847440409194"
"8.81","0.00759938466575449","1","0.379969233287725","50","50.3799692332877"
"8.82","0.00750495357343842","1","0.375247678671921","50","50.3752476786719"
"8.83","0.00741157730983649","1","0.370578865491825","50","50.3705788654918"
"8.84","0.00731924572024982","1","0.365962286012491","50","50.3659622860125"
"8.85","0.00722794872657244","1","0.361397436328622","50","50.3613974363286"
"8.86","0.00713767632697805","1","0.356883816348902","50","50.3568838163489"
"8.87","0.00704841859560466","1","0.352420929780233","50","50.3524209297802"
"8.88","0.00696016568223721","1","0.348008284111861","50","50.3480082841119"
"8.89","0.00687290781198792","1","0.343645390599396","50","50.3436453905994"
"8.9","0.00678663528497487","1","0.339331764248744","50","50.3393317642487"
"8.91","0.00670133847599852","1","0.335066923799926","50","50.3350669237999"
"8.92","0.00661700783421645","1","0.330850391710822","50","50.3308503917108"
"8.93","0.00653363388281613","1","0.326681694140807","50","50.3266816941408"
"8.94","0.00645120721868611","1","0.322560360934305","50","50.3225603609343"
"8.95","0.00636971851208527","1","0.318485925604264","50","50.3184859256043"
"8.96","0.00628915850631066","1","0.314457925315533","50","50.3144579253155"
"8.97","0.00620951801736346","1","0.310475900868173","50","50.3104759008682"
"8.98","0.00613078793361361","1","0.306539396680681","50","50.3065393966807"
"8.99","0.00605295921546276","1","0.302647960773138","50","50.3026479607731"
"9","0.00597602289500594","1","0.298801144750297","50","50.2988011447503"
"9.01","0.00589997007569162","1","0.294998503784581","50","50.2949985037846"
"9.02","0.00582479193198059","1","0.29123959659903","50","50.291239596599"
"9.03","0.00575047970900344","1","0.287523985450172","50","50.2875239854502"
"9.04","0.0056770247222168","1","0.28385123611084","50","50.2838512361108"
"9.05","0.00560441835705842","1","0.280220917852921","50","50.2802209178529"
"9.06","0.00553265206860102","1","0.276632603430051","50","50.2766326034301"
"9.07","0.00546171738120505","1","0.273085869060253","50","50.2730858690603"
"9.08","0.00539160588817044","1","0.269580294408522","50","50.2695802944085"
"9.09","0.00532230925138724","1","0.266115462569362","50","50.2661154625694"
"9.1","0.00525381920098539","1","0.262690960049269","50","50.2626909600493"
"9.11","0.00518612753498349","1","0.259306376749175","50","50.2593063767492"
"9.12","0.00511922611893671","1","0.255961305946836","50","50.2559613059468"
"9.13","0.00505310688558391","1","0.252655344279196","50","50.2526553442792"
"9.14","0.00498776183449387","1","0.249388091724693","50","50.2493880917247"
"9.15","0.00492318303171088","1","0.246159151585544","50","50.2461591515855"
"9.16","0.00485936260939956","1","0.242968130469978","50","50.24296813047"
"9.17","0.00479629276548909","1","0.239814638274454","50","50.2398146382745"
"9.18","0.0047339657633167","1","0.236698288165835","50","50.2366982881658"
"9.19","0.00467237393127073","1","0.233618696563536","50","50.2336186965635"
"9.2","0.00461150966243304","1","0.230575483121652","50","50.2305754831217"
"9.21","0.00455136541422102","1","0.227568270711051","50","50.2275682707111"
"9.22","0.00449193370802905","1","0.224596685401452","50","50.2245966854015"
"9.23","0.00443320712886963","1","0.221660356443482","50","50.2216603564435"
"9.24","0.00437517832501411","1","0.218758916250706","50","50.2187589162507"
"9.25","0.00431784000763308","1","0.215892000381654","50","50.2158920003817"
"9.26","0.00426118495043646","1","0.213059247521823","50","50.2130592475218"
"9.27","0.00420520598931334","1","0.210260299465667","50","50.2102602994657"
"9.28","0.00414989602197165","1","0.207494801098583","50","50.2074948010986"
"9.29","0.00409524800757754","1","0.204762400378877","50","50.2047624003789"
"9.3","0.00404125496639471","1","0.202062748319736","50","50.2020627483197"
"9.31","0.00398790997942361","1","0.199395498971181","50","50.1993954989712"
"9.32","0.00393520618804053","1","0.196760309402027","50","50.196760309402"
"9.33","0.00388313679363669","1","0.194156839681835","50","50.1941568396818"
"9.34","0.00383169505725735","1","0.191584752862867","50","50.1915847528629"
"9.35","0.00378087429924083","1","0.189043714962042","50","50.189043714962"
"9.36","0.00373066789885782","1","0.186533394942891","50","50.1865333949429"
"9.37","0.00368106929395053","1","0.184053464697526","50","50.1840534646975"
"9.38","0.00363207198057216","1","0.181603599028608","50","50.1816035990286"
"9.39","0.00358366951262648","1","0.179183475631324","50","50.1791834756313"
"9.4","0.00353585550150758","1","0.176792775075379","50","50.1767927750754"
"9.41","0.00348862361573984","1","0.174431180786992","50","50.174431180787"
"9.42","0.00344196758061826","1","0.172098379030913","50","50.1720983790309"
"9.43","0.00339588117784897","1","0.169794058892448","50","50.1697940588924"
"9.44","0.00335035824519009","1","0.167517912259505","50","50.1675179122595"
"9.45","0.00330539267609301","1","0.165269633804651","50","50.1652696338047"
"9.46","0.00326097841934393","1","0.163048920967197","50","50.1630489209672"
"9.47","0.00321710947870593","1","0.160855473935296","50","50.1608554739353"
"9.48","0.00317377991256138","1","0.158688995628069","50","50.1586889956281"
"9.49","0.0031309838335549","1","0.156549191677745","50","50.1565491916777"
"9.5","0.00308871540823677","1","0.154435770411838","50","50.1544357704118"
"9.51","0.00304696885670685","1","0.152348442835342","50","50.1523484428353"
"9.52","0.00300573845225908","1","0.150286922612954","50","50.1502869226129"
"9.53","0.00296501852102656","1","0.148250926051328","50","50.1482509260513"
"9.54","0.00292480344162718","1","0.146240172081359","50","50.1462401720814"
"9.55","0.00288508764480996","1","0.144254382240498","50","50.1442543822405"
"9.56","0.00284586561310194","1","0.142293280655097","50","50.1422932806551"
"9.57","0.00280713188045587","1","0.140356594022793","50","50.1403565940228"
"9.58","0.00276888103189844","1","0.138444051594922","50","50.1384440515949"
"9.59","0.00273110770317945","1","0.136555385158972","50","50.136555385159"
"9.6","0.00269380658042149","1","0.134690329021075","50","50.1346903290211"
"9.61","0.00265697239977061","1","0.13284861998853","50","50.1328486199885"
"9.62","0.0026205999470476","1","0.13102999735238","50","50.1310299973524"
"9.63","0.00258468405740027","1","0.129234202870014","50","50.12923420287"
"9.64","0.00254921961495639","1","0.127460980747819","50","50.1274609807478"
"9.65","0.0025142015524776","1","0.12571007762388","50","50.1257100776239"
"9.66","0.00247962485101422","1","0.123981242550711","50","50.1239812425507"
"9.67","0.00244548453956085","1","0.122274226978043","50","50.122274226978"
"9.68","0.00241177569471303","1","0.120588784735651","50","50.1205887847357"
"9.69","0.00237849344032472","1","0.118924672016236","50","50.1189246720162"
"9.7","0.00234563294716686","1","0.117281647358343","50","50.1172816473583"
"9.71","0.0023131894325868","1","0.11565947162934","50","50.1156594716293"
"9.72","0.00228115816016883","1","0.114057908008441","50","50.1140579080084"
"9.73","0.00224953443939564","1","0.112476721969782","50","50.1124767219698"
"9.74","0.00221831362531091","1","0.110915681265546","50","50.1109156812655"
"9.75","0.00218749111818289","1","0.109374555909144","50","50.1093745559091"
"9.76","0.00215706236316903","1","0.107853118158452","50","50.1078531181585"
"9.77","0.00212702284998184","1","0.106351142499092","50","50.1063511424991"
"9.78","0.00209736811255567","1","0.104868405627784","50","50.1048684056278"
"9.79","0.00206809372871474","1","0.103404686435737","50","50.1034046864357"
"9.8","0.00203919531984228","1","0.101959765992114","50","50.1019597659921"
"9.81","0.00201066855055081","1","0.10053342752754","50","50.1005334275275"
"9.82","0.00198250912835359","1","0.0991254564176795","50","50.0991254564177"
"9.83","0.00195471280333729","1","0.0977356401668643","50","50.0977356401669"
"9.84","0.0019272753678358","1","0.0963637683917898","50","50.0963637683918"
"9.85","0.00190019265610532","1","0.0950096328052659","50","50.0950096328053"
"9.86","0.00187346054400063","1","0.0936730272000316","50","50.0936730272"
"9.87","0.00184707494865263","1","0.0923537474326315","50","50.0923537474326"
"9.88","0.00182103182814712","1","0.0910515914073558","50","50.0910515914074"
"9.89","0.00179532718120483","1","0.0897663590602416","50","50.0897663590602"
"9.9","0.00176995704686281","1","0.0884978523431407","50","50.0884978523431"
"9.91","0.001744917504157","1","0.0872458752078498","50","50.0872458752079"
"9.92","0.00172020467180617","1","0.0860102335903086","50","50.0860102335903"
"9.93","0.00169581470789722","1","0.0847907353948609","50","50.0847907353949"
"9.94","0.00167174380957168","1","0.0835871904785838","50","50.0835871904786"
"9.95","0.00164798821271368","1","0.0823994106356838","50","50.0823994106357"
"9.96","0.00162454419163921","1","0.0812272095819603","50","50.081227209582"
"9.97","0.00160140805878672","1","0.0800704029393358","50","50.0800704029393"
"9.98","0.00157857616440914","1","0.078928808220457","50","50.0789288082205"
"9.99","0.00155604489626726","1","0.0778022448133628","50","50.0778022448134"
"10","0.00153381067932446","1","0.0766905339662231","50","50.0766905339662"
